country,volatility_std,high_volatility_periods,extreme_positive_count,extreme_negative_count,crisis_events,total_extreme_events,max_positive_extreme,max_negative_extreme,avg_extreme_magnitude,stability_inverse_volatility,time_in_normal_range,recovery_speed,consistency_score,cluster
Haiti,0.7338554740044964,11,2,0,0,2,1.8,0.0,1.1033333333333333,1.36081179956466,0.8163265306122449,0.875,0.5906238464377999,0
Honduras,0.9541298758651077,12,2,3,2,5,3.21,-1.72,0.2916666666666667,1.046978034368626,0.8181818181818182,1.0,0.5118362124120281,0
Hungary,1.2828026500163185,7,1,1,2,2,4.83,-2.93,0.36333333333333323,0.7789359213328381,0.75,0.6666666666666666,0.45204402515723274,0
Iceland,0.6055457986690308,5,0,0,0,0,0.0,0.0,-1.46,1.648680119777175,0.9285714285714286,1.0,0.5800981704596162,0
Afghanistan,0.7183584682377516,3,0,1,1,1,0.0,-2.73,-2.02,1.3901275152147023,0.9166666666666666,0.5,0.6590257879656161,0
India,2.010614720814397,11,1,2,2,3,2.37,-10.08,-1.068888888888889,0.4971130851513916,0.7,0.6666666666666666,0.41117255068765063,0
Albania,0.9073410919510133,5,1,0,1,1,2.63,0.0,1.9049999999999998,1.1009080276794632,0.8571428571428571,0.0,0.5239822652156388,0
Indonesia,0.5801995987541388,9,0,1,0,1,0.0,-1.69,-0.49,1.7205793020910594,0.9117647058823529,1.0,0.5980427691192461,0
"Iran, Islamic Rep.",3.25135777948351,11,3,0,1,3,15.59,0.0,2.7842857142857143,0.3074692477894621,0.6956521739130435,0.7142857142857143,0.2898932665700356,1
Algeria,0.9264351800623414,4,0,1,0,1,0.0,-1.58,-0.32199999999999995,1.0782424707382579,0.6428571428571429,0.6,0.5430242272347535,0
Andorra,1.2002839800035079,6,4,1,1,5,2.68,-1.69,0.8785714285714287,0.8324426335870058,0.5,0.3333333333333333,0.5080109417741305,0
Angola,1.0300656309583542,6,0,4,0,4,0.0,-1.73,-0.7449999999999999,0.9698703651585406,0.42857142857142855,0.5,0.5173099880620772,0
Iraq,11.596500040253257,14,2,4,5,6,65.23,-7.1,4.627,0.08622547932995418,0.6875,0.5,0.15123426675773247,1
Antigua and Barbuda,0.4382921400162225,2,0,0,0,0,0.0,0.0,0.0,2.2763894659327875,1.0,1.0,0.6407097092163627,0
Ireland,0.8985123759837247,5,1,0,1,1,2.35,0.0,0.4600000000000001,1.1117134424152642,0.8571428571428571,1.0,0.5671902268760907,0
Israel,0.8251056781802493,11,0,4,2,4,0.0,-2.85,-1.3671428571428572,1.2104988821803115,0.8409090909090909,0.5714285714285714,0.5771812080536913,0
Azerbaijan,0.5305258135933528,4,1,0,0,1,1.68,0.0,1.37,1.8813761710641137,0.9166666666666666,1.0,0.6457046603032005,0
Italy,1.1314459073547622,18,2,3,4,5,2.78,-3.27,0.15416666666666665,0.8830443851714405,0.7142857142857143,0.5833333333333334,0.47768845392054066,1
Cote d'Ivoire,1.1134424067079336,9,3,1,2,4,3.27,-2.51,0.4242857142857144,0.8973097164832441,0.7083333333333334,0.6666666666666666,0.49071901002773627,0
Argentina,1.3346016603074875,9,5,1,4,6,2.44,-5.67,1.0154545454545454,0.7487262330669581,0.6764705882352942,0.5,0.4976624943447444,1
Jamaica,0.6707656301661892,4,0,1,0,1,0.0,-1.89,-1.89,1.488614414156033,0.9285714285714286,1.0,0.5963302752293578,0
Australia,0.7632342567077588,4,1,1,0,2,1.56,-1.56,-0.37333333333333335,1.3084993131659595,0.7857142857142857,1.0,0.518341307814992,0
Japan,1.8994988802559871,14,1,2,3,3,2.36,-9.7,-1.4085714285714286,0.5261776317728245,0.78125,1.0,0.388665997993982,0
Kazakhstan,1.1996397028552641,7,2,1,2,3,4.5,-2.17,1.346,0.8328893319302044,0.7916666666666666,0.75,0.5069429138197046,0
Austria,0.9049950122637263,8,0,2,0,2,0.0,-1.93,-0.15000000000000002,1.1037588358255883,0.75,0.5,0.4711183941007783,0
"Bahamas, The",3.9884189491934916,9,2,1,3,3,5.75,-13.42,-1.6199999999999999,0.2506630696688704,0.7857142857142857,1.0,0.20120724346076457,1
Bahrain,0.7473422296132243,5,1,0,0,1,1.54,0.0,0.5433333333333333,1.3362870093765034,0.7857142857142857,1.0,0.5803571428571428,0
Jordan,6.045447874227352,16,2,4,5,6,6.6,-29.6,-2.905454545454546,0.1653863591981739,0.56,0.8,0.1969958138389559,1
Bangladesh,4.2958941127981385,10,3,2,4,5,17.84,-7.7,3.67,0.2327262375448204,0.7647058823529411,0.75,0.35648698282380903,1
Kenya,0.885683179177267,6,0,1,1,1,0.0,-2.2,-0.7799999999999999,1.1277985457307051,0.7857142857142857,0.6666666666666666,0.4744525547445255,0
"Korea, Rep.",0.6023943833200602,3,0,0,0,0,0.0,0.0,0.42750000000000005,1.6572908658806111,0.8333333333333334,1.0,0.6217896728845634,0
Armenia,1.0728116453454861,8,2,2,2,4,2.79,-2.32,0.2457142857142857,0.931262018189663,0.7083333333333334,0.5,0.4760919064375906,0
Kuwait,1.0815597202981573,4,3,0,1,3,2.36,0.0,0.696,0.9237365673688481,0.6428571428571429,0.6,0.587437867148667,0
Kyrgyz Republic,0.8351259884991405,6,1,0,1,1,2.7,0.0,1.5560000000000003,1.1959920080884172,0.7916666666666666,0.75,0.5211874008610922,0
Barbados,1.1927330987685214,6,3,1,1,4,2.15,-1.54,0.73,0.8377081954346577,0.5714285714285714,0.8,0.44052863436123346,0
Lao PDR,0.7428631500634705,7,1,1,0,2,1.64,-1.8,-0.6880000000000001,1.3443332955997007,0.7916666666666666,1.0,0.5628976994615761,0
Belgium,1.511363926513845,9,1,2,3,3,3.71,-2.5,0.348,0.6612165117592452,0.6428571428571429,0.75,0.3861003861003861,0
Lebanon,4.537701758037647,3,2,0,2,2,17.24,0.0,10.26,0.22032732118365933,0.8571428571428571,0.5,0.25228022511158554,1
Lesotho,1.7140559369816497,18,7,2,8,9,4.3,-5.69,0.95875,0.5830713613690721,0.673469387755102,0.5,0.4374772147283995,1
Bermuda,0.8048044508336374,3,2,0,1,2,2.07,0.0,1.875,1.2409958755693884,0.8571428571428571,1.0,0.5548442168160478,0
Latvia,0.9202350997918353,7,1,1,1,2,1.62,-3.17,-0.33999999999999997,1.0854992392560407,0.8333333333333334,0.5,0.5041648399824639,0
Liberia,0.593983869086269,3,0,1,0,1,0.0,-1.69,-1.69,1.6807178344779734,0.9285714285714286,1.0,0.6100422336931018,0
Libya,0.7284289076288692,4,0,1,0,1,0.0,-1.56,-0.4866666666666668,1.3709355216681327,0.7857142857142857,0.6666666666666666,0.6149479659413435,0
Bhutan,0.8318298000952663,5,1,0,0,1,1.83,0.0,-0.6279999999999999,1.2007255262547176,0.6428571428571429,1.0,0.5062305295950156,0
Lithuania,0.9814059500985761,8,1,1,2,2,2.67,-3.06,0.5399999999999999,1.0179091442795705,0.8333333333333334,0.25,0.49473004947300486,0
Bolivia,0.6433773795210233,8,0,2,0,2,0.0,-1.78,-0.52,1.5518856368659575,0.8636363636363636,0.8333333333333334,0.6192396313364055,0
Luxembourg,1.3053197669067724,7,1,2,2,3,2.91,-2.77,0.18600000000000008,0.7655093533246418,0.6428571428571429,0.75,0.431320504313205,0
Bosnia and Herzegovina,0.9623536199318411,5,1,0,1,1,2.91,0.0,1.01,1.0380404239003655,0.7857142857142857,1.0,0.5380794701986754,0
Madagascar,0.6314790703788452,3,0,0,0,0,0.0,0.0,0.0,1.5810799864112743,0.8571428571428571,0.5,0.5936073059360731,0
Botswana,1.2897713161684803,13,5,3,5,8,5.2,-3.94,0.7292307692307692,0.7747305719253164,0.7592592592592593,0.6666666666666666,0.5324492666264817,1
Brazil,1.0408054398968238,16,3,2,4,5,2.52,-3.19,0.03200000000000001,0.9598721236270719,0.7619047619047619,0.6,0.5064229249011858,0
Belize,0.9983284498989052,2,1,1,2,2,2.61,-2.28,0.16500000000000004,1.0006720013836918,0.8571428571428571,1.0,0.624699663623258,0
Solomon Islands,0.7339701934669821,1,1,0,0,1,1.61,0.0,0.5366666666666667,1.3605993942187318,0.7857142857142857,0.5,0.7441327990841443,0
Malawi,0.9635220057930088,10,3,2,1,5,1.92,-2.91,0.285,1.0367829805788846,0.8181818181818182,0.8333333333333334,0.5314731772130875,0
Malaysia,0.6337980750996329,4,0,0,0,0,0.0,0.0,-0.039999999999999925,1.5753040836537633,0.8571428571428571,0.5,0.5501481168006771,0
Maldives,0.4318895361415595,0,0,0,0,0,0.0,0.0,0.0,2.310058147658689,1.0,1.0,0.6903876792352629,0
Mali,0.6335774640030704,7,0,1,1,1,0.0,-2.42,-0.9375,1.575851738717216,0.9090909090909091,1.0,0.6219265258894995,0
British Virgin Islands,0.6851381508238216,4,1,0,0,1,1.68,0.0,0.235,1.4574324409732,0.8571428571428571,1.0,0.582698341550874,0
Brunei Darussalam,1.9770418275178454,6,2,1,2,3,2.24,-6.47,-0.5019999999999999,0.5055504823448828,0.6428571428571429,0.75,0.3877124962719953,0
Malta,1.0694325305974193,7,1,1,1,2,4.36,-1.86,1.206,0.9342018029309049,0.7916666666666666,1.0,0.5227272727272727,0
Bulgaria,0.8582409942240388,6,1,1,2,2,2.12,-2.94,0.08000000000000007,1.1638178424006382,0.875,1.0,0.5168539325842697,0
Martinique,1.7197307869523755,5,1,2,3,3,2.2,-4.99,-1.028,0.5811484327371874,0.6428571428571429,0.5,0.41074249605055296,0
Myanmar,1.5981612155328178,11,5,1,5,6,4.32,-1.9,1.9962499999999999,0.6253278220400151,0.6666666666666666,0.8571428571428571,0.39498540271337795,1
Burundi,1.4030816262571992,15,3,6,5,9,2.24,-4.31,-1.0627272727272727,0.7122093055698319,0.6206896551724138,0.45454545454545453,0.3968253968253969,1
Belarus,0.7247115086938618,4,1,2,1,3,2.08,-2.0,-0.51,1.3779580288037647,0.875,0.3333333333333333,0.6204478014567035,0
Cambodia,0.4454577857540362,3,0,0,0,0,0.0,0.0,0.0,2.239853423792508,1.0,1.0,0.6703584960652871,0
Mauritania,1.3024209557668984,16,4,2,4,6,3.91,-2.17,0.7354545454545455,0.7672118478497428,0.6764705882352942,0.9090909090909091,0.4395897162648196,1
Cameroon,1.321086831529752,17,5,3,6,8,4.22,-3.43,0.33999999999999997,0.7563799715355506,0.6976744186046512,0.6153846153846154,0.4650132860938885,1
Canada,0.7401103061747772,4,0,0,0,0,0.0,0.0,-0.45333333333333337,1.3493268028634975,0.7857142857142857,0.6666666666666666,0.5669428696031399,0
Cabo Verde,0.9762507076642127,14,2,1,2,3,4.09,-2.33,0.06142857142857139,1.0232788701582645,0.8409090909090909,0.8571428571428571,0.5335649584315671,0
Cayman Islands,0.774217181996085,7,0,1,1,1,0.0,-2.03,-1.49,1.2899610886140682,0.7857142857142857,1.0,0.4782928623988227,0
Sri Lanka,1.2954809663812337,12,2,1,2,3,5.52,-1.88,0.466,0.7713186895378975,0.7058823529411765,0.6,0.4841549295774648,0
Chad,0.8023048868244481,10,0,1,1,1,0.0,-2.96,0.155,1.2448573591443084,0.8604651162790697,0.8333333333333334,0.5786718104160926,0
Chile,1.5122350033031966,16,6,0,3,6,7.82,0.0,1.2992857142857144,0.66083588987641,0.6666666666666666,0.5384615384615384,0.4451682953311618,1
China,1.9664792173998114,21,7,5,7,12,3.21,-6.38,-0.24187500000000017,0.5082645809705598,0.5789473684210527,0.4,0.35251524390243905,1
Colombia,1.0974192114319097,16,4,2,3,6,2.83,-2.05,0.5944444444444444,0.9103992260808973,0.5909090909090909,0.4444444444444444,0.5322440896150513,1
Mauritius,1.1962729390221438,7,1,2,3,3,4.16,-3.57,-0.67875,0.835231439221149,0.7647058823529411,0.5,0.5002273760800364,0
Comoros,0.48060123909578945,1,0,0,0,0,0.0,0.0,0.0,2.0764066178017084,1.0,1.0,0.7096069868995633,0
Mexico,1.2063923240166803,13,1,1,2,2,2.2,-5.24,0.08272727272727276,0.8282312054736775,0.6764705882352942,0.6,0.49549549549549543,0
"Congo, Rep.",0.6932388492004876,4,0,0,0,0,0.0,0.0,0.3033333333333334,1.440426448551012,0.7857142857142857,1.0,0.580875781948168,0
Mongolia,0.6555274692762909,8,1,0,0,1,2.0,0.0,0.9359999999999999,1.5231655137024636,0.8529411764705882,1.0,0.5852101436424897,0
"Congo, Dem. Rep.",14.769885799511526,8,2,3,3,5,4.1,-55.71,-10.888333333333334,0.0677007468321954,0.5714285714285714,0.6666666666666666,0.09541984732824427,1
Cook Islands,1.085847031358563,4,3,0,2,3,3.49,0.0,2.89,0.9200926819940761,0.7857142857142857,0.5,0.5136309758988542,0
Costa Rica,0.7437994399282691,4,3,0,2,3,2.97,0.0,2.2533333333333334,1.3426433297215006,0.9230769230769231,0.3333333333333333,0.6261328060636019,0
Croatia,1.4667175909129146,16,4,2,3,6,2.21,-3.99,0.275,0.681329982137779,0.6521739130434783,0.625,0.35335689045936397,1
Cyprus,0.7960591712188438,3,0,1,1,1,0.0,-2.46,-1.755,1.2546119988442312,0.8571428571428571,1.0,0.5569837189374465,0
Czechia,0.9485133653073459,7,0,1,1,1,0.0,-3.46,-1.1433333333333333,1.0531710627120159,0.875,0.6666666666666666,0.5112247166036897,0
Benin,2.411406788362747,15,5,4,7,9,3.92,-9.39,-0.777,0.41452378795480027,0.7058823529411765,0.5,0.29289074287742967,1
Denmark,0.9114890262081926,3,2,0,1,2,2.14,0.0,2.0,1.095903590375717,0.8571428571428571,0.0,0.5314799672935404,0
Dominica,0.7782466557222442,2,1,0,0,1,1.98,0.0,-0.52,1.2832907175881951,0.6428571428571429,0.75,0.600739371534196,0
Dominican Republic,1.0036612905553195,6,1,2,2,3,1.95,-3.29,-0.2542857142857143,0.9953603362654264,0.7941176470588235,0.5,0.5366726296958855,0
Ecuador,4.089353180822121,20,3,5,7,8,3.07,-25.06,-2.0541666666666663,0.24447766630240222,0.7,0.6363636363636364,0.2796901893287435,1
El Salvador,0.5500735225199581,12,1,0,0,1,1.62,0.0,0.6166666666666667,1.8146398967367974,0.9423076923076923,1.0,0.6277695716395864,0
Equatorial Guinea,1.637718827877262,6,1,2,2,3,2.25,-5.3,-1.504,0.6102328129685093,0.6428571428571429,0.4,0.3864447086801427,0
Ethiopia,0.5465852190299787,4,0,0,0,0,0.0,0.0,-0.42,1.8261997680862398,0.9210526315789473,1.0,0.623946037099494,0
Estonia,0.6956112420023126,7,0,1,0,1,0.0,-1.76,-0.59,1.4355209042071133,0.875,0.6666666666666666,0.5611124664552329,0
Moldova,0.3801778584842003,1,0,0,0,0,0.0,0.0,0.0,2.623447237928825,1.0,1.0,0.7449856733524355,0
Fiji,1.0220859522944001,7,0,1,1,1,0.0,-2.77,0.22749999999999998,0.9774349826203489,0.7142857142857143,1.0,0.4427792915531335,0
Finland,1.058887978022227,7,2,2,1,4,1.78,-3.35,-0.16399999999999998,0.9434959361139477,0.7916666666666666,0.6,0.4921891718382195,0
Montenegro,0.9766101304710982,4,1,0,1,1,3.42,0.0,2.0433333333333334,1.0229026570317068,0.7857142857142857,1.0,0.5058365758754864,0
Montserrat,0.7944517426682198,4,0,0,0,0,0.0,0.0,-0.5275000000000001,1.2571472867048537,0.7142857142857143,0.75,0.5363036303630363,0
Aland Islands,0.7737771788111741,2,0,1,0,1,0.0,-1.96,-0.22999999999999998,1.2906936695456235,0.8571428571428571,1.0,0.6018518518518519,0
Morocco,1.0242468611878004,2,2,0,2,2,2.31,0.0,1.1266666666666667,0.975374846640788,0.7857142857142857,0.5,0.5933363760839799,0
France,1.2095623060521612,7,2,1,2,3,3.7,-3.03,-0.008571428571428516,0.8260623967891098,0.7083333333333334,0.7142857142857143,0.43103448275862066,0
Mozambique,1.2623341475219627,9,3,3,4,6,3.4,-2.7,0.2914285714285714,0.7915562180928188,0.78125,0.42857142857142855,0.5245346869712353,0
Oman,0.49541623398709816,1,0,0,0,0,0.0,0.0,0.0,2.014438552841505,1.0,1.0,0.6735751295336787,0
Namibia,1.0950907653379907,20,6,6,5,12,2.52,-2.78,-0.19428571428571428,0.9123332041682151,0.6666666666666666,0.5714285714285714,0.5021869431394784,1
Nepal,0.7567213794348288,7,1,1,0,2,1.66,-1.77,-0.07000000000000002,1.3197463172358719,0.8125,0.8333333333333334,0.5743931813970724,0
Netherlands,1.221473056834013,5,1,1,2,2,3.56,-2.05,0.88,0.8180139385565041,0.7857142857142857,1.0,0.4608294930875576,0
French Guiana,1.1343066298899274,7,1,0,1,1,3.37,0.0,1.158,0.880819307905349,0.6428571428571429,0.25,0.47601611131453675,0
Curacao,0.8318383869723831,1,1,0,1,1,2.21,0.0,0.42999999999999994,1.2007131463227811,0.8571428571428571,1.0,0.6526104417670683,0
French Polynesia,0.9246965856486138,4,0,1,1,1,0.0,-2.89,-2.89,1.080267568772897,0.9285714285714286,1.0,0.5319148936170213,0
Aruba,0.6654199226574057,4,0,0,0,0,0.0,0.0,-0.14,1.500555379575712,0.8571428571428571,1.0,0.5898366606170599,0
Djibouti,0.9491524629499074,11,1,3,2,4,2.21,-2.77,-0.86,1.052462672038267,0.7647058823529411,0.5,0.5769230769230769,0
New Caledonia,1.279526578585268,5,1,3,2,4,1.66,-3.12,-0.8460000000000001,0.7809287341031257,0.6428571428571429,0.6,0.4623044096728307,0
Gabon,0.8521332773979546,4,0,1,0,1,0.0,-1.89,-1.3633333333333333,1.1721497994428103,0.7857142857142857,1.0,0.5517826825127334,0
Vanuatu,0.832772600462835,5,2,0,0,2,1.83,0.0,0.8725,1.1993677885851497,0.7142857142857143,1.0,0.5596211795092553,0
Georgia,0.7734177396465638,3,2,0,0,2,1.95,0.0,1.0074999999999998,1.291292733630288,0.8333333333333334,0.5,0.604308985811876,0
"Gambia, The",1.1615236738430945,3,2,1,1,3,2.6,-1.84,0.516,0.8601975361879554,0.6428571428571429,0.25,0.5901044030867,0
West Bank and Gaza,0.9589998484580489,10,0,4,3,4,0.0,-3.23,-1.705,1.0416668311002333,0.8235294117647058,0.5,0.538160469667319,0
Germany,1.176495207054505,7,2,1,3,3,3.59,-3.36,0.83,0.8492603570773696,0.875,0.6666666666666666,0.46,0
Ghana,0.9440163735763522,17,3,2,2,5,1.96,-2.34,0.2715384615384615,1.0581827235601917,0.7111111111111111,0.8333333333333334,0.522131244808354,0
Kiribati,0.4077439172333737,0,0,0,0,0,0.0,0.0,-1.14,2.4465195880310717,0.9285714285714286,1.0,0.7656065959952886,0
Greece,1.3312430881406379,7,2,2,3,4,2.54,-4.33,-0.10833333333333332,0.7506137647864722,0.75,0.6666666666666666,0.4448742746615087,0
Greenland,0.6289126508895966,3,0,0,0,0,0.0,0.0,1.12,1.587521696203031,0.8571428571428571,1.0,0.5971520440973818,0
New Zealand,0.8714590158616358,4,0,1,0,1,0.0,-1.98,-0.15999999999999992,1.1461856451932078,0.7142857142857143,0.6666666666666666,0.5351996706463565,0
Grenada,0.8251026528590863,3,0,1,1,1,0.0,-2.19,0.13666666666666671,1.2105033152224685,0.7857142857142857,0.5,0.5971520440973818,0
Nicaragua,0.8530921813270064,11,1,2,1,3,1.69,-3.55,-0.7579999999999998,1.1708338067751611,0.8809523809523809,1.0,0.5447781025777306,0
Niger,0.8129082757116827,9,0,1,1,1,0.0,-4.13,-1.2925,1.228639675798355,0.9245283018867925,1.0,0.5967408767500574,0
Guadeloupe,1.1441664375145313,4,1,1,1,2,3.0,-1.93,-0.32499999999999996,0.8732355116609946,0.7142857142857143,0.6666666666666666,0.49093655589123864,0
Nigeria,0.6898026141606275,12,2,0,0,2,2.0,0.0,1.7033333333333334,1.447591510948563,0.9347826086956522,1.0,0.5909389363099146,0
Norway,1.2090916222604506,5,0,2,2,2,0.0,-2.81,-0.7919999999999999,0.8263837064932328,0.6428571428571429,0.75,0.4378578646008758,0
"Micronesia, Fed. Sts.",0.585557905953365,1,0,0,0,0,0.0,0.0,0.0,1.704861514695032,0.8571428571428571,1.0,0.6892895015906682,0
Palau,0.6363243461234119,2,0,0,0,0,0.0,0.0,-1.105,1.5690597826406576,0.8571428571428571,1.0,0.6429277942631059,0
Pakistan,0.9333974942932626,12,4,0,3,4,2.36,0.0,1.01125,1.0702083493453247,0.7647058823529411,0.8571428571428571,0.5307172724348665,0
Panama,0.7664197987777178,10,1,1,1,2,2.43,-1.65,-0.5379999999999999,1.303067762380794,0.8529411764705882,1.0,0.5598914149983033,0
Papua New Guinea,0.9488392479062757,3,3,0,1,3,2.23,0.0,1.1400000000000001,1.052809727755821,0.7142857142857143,0.6666666666666666,0.5625270445694505,0
Paraguay,0.8562944787717599,10,2,1,2,3,3.08,-1.65,1.1825,1.1664603292822944,0.75,0.5714285714285714,0.55835734870317,0
Guam,1.1570822294522916,4,1,1,1,2,1.85,-3.07,-0.2799999999999999,0.863496541582323,0.7142857142857143,0.5,0.4775900073475386,0
Guatemala,0.7176369333904784,10,1,1,1,2,1.59,-2.17,0.08400000000000003,1.3915232484393343,0.8529411764705882,0.8,0.5784399649430324,0
Peru,0.9297868727791254,14,3,2,2,5,2.89,-2.08,0.6000000000000001,1.0743598016313007,0.7804878048780488,0.5555555555555556,0.5414185165132648,0
Philippines,0.44741752250707256,3,0,0,0,0,0.0,0.0,-1.1,2.2300645041903504,0.9411764705882353,1.0,0.6866416978776528,0
Poland,1.0381741451006934,11,0,3,2,3,0.0,-3.11,-1.0316666666666665,0.9623026176263292,0.75,1.0,0.4503622478950461,0
Portugal,1.9962878773504082,9,4,1,4,5,3.04,-7.61,0.4149999999999999,0.5006789513620815,0.6363636363636364,0.375,0.3675183759187959,1
Guinea-Bissau,6.75807707747729,3,4,0,3,4,32.63,0.0,8.138000000000002,0.1479491931423917,0.7727272727272727,0.25,0.2300361485376273,1
Timor-Leste,1.7896466131613804,7,1,2,1,3,1.85,-6.89,-0.37249999999999994,0.558457482704811,0.6,0.42857142857142855,0.49960557454641064,0
Puerto Rico,0.705871873671714,2,0,0,0,0,0.0,0.0,0.5225,1.4146835335315955,0.7142857142857143,0.6666666666666666,0.6470881035340966,0
Qatar,0.46682219225704497,1,0,0,0,0,0.0,0.0,0.0,2.137564263840117,1.0,1.0,0.6448412698412698,0
Reunion,3.8931874696024322,5,1,2,2,3,2.44,-14.48,-2.758,0.2567929787165826,0.6428571428571429,0.5,0.3403141361256544,1
Romania,0.9293262194849676,7,0,1,1,1,0.0,-3.05,-0.27999999999999997,1.0748917735045713,0.75,0.8333333333333334,0.48842641749840726,0
Russian Federation,1.1492152053620306,7,3,2,3,5,3.24,-3.64,0.38375000000000004,0.8694025216657172,0.7647058823529411,0.42857142857142855,0.5192761605035405,0
Rwanda,1.3777608291513261,11,6,2,5,8,4.58,-2.17,0.8685714285714285,0.7252889542963981,0.5625,0.42857142857142855,0.43344519015659955,1
St. Kitts and Nevis,1.4816312369982552,6,1,1,1,2,1.55,-4.86,-1.3750000000000002,0.6744765488852148,0.7142857142857143,0.5,0.45343564701778855,0
Anguilla,0.9098508511995641,2,1,1,1,2,1.75,-2.42,0.15666666666666665,1.0978745847171676,0.7857142857142857,0.5,0.6728778467908902,0
St. Lucia,0.8859311370483807,4,0,1,1,1,0.0,-2.82,-1.9449999999999998,1.12748324895651,0.8571428571428571,1.0,0.5699254712845244,0
St. Vincent and the Grenadines,0.8712602296415819,3,2,0,1,2,2.15,0.0,1.6366666666666667,1.1464468584230962,0.7857142857142857,0.5,0.5877034358047016,0
San Marino,0.8159234783047854,7,1,1,0,2,1.68,-1.71,-0.015000000000000013,1.224104859949821,0.8571428571428571,1.0,0.5030959752321982,0
Sao Tome and Principe,0.8239752448233093,2,0,1,1,1,0.0,-2.32,-1.5466666666666669,1.2121575844547638,0.7857142857142857,0.6666666666666666,0.660233621127476,0
Saudi Arabia,1.6630899914193544,17,3,6,4,9,1.9,-6.99,-1.1770000000000003,0.6009290393887105,0.696969696969697,0.8,0.42216358839050133,1
Guinea,0.8022948778385147,7,1,0,0,1,1.97,0.0,0.1375,1.2448728699612457,0.8461538461538461,0.6666666666666666,0.5542008423852804,0
Senegal,0.6061983224456049,9,1,0,0,1,1.66,0.0,0.82,1.6469083708471275,0.8918918918918919,0.75,0.5827128520556815,0
Serbia,0.5800914776558777,1,1,0,0,1,1.83,0.0,1.83,1.7208994426041127,0.9285714285714286,1.0,0.7008086253369272,0
Seychelles,0.6306139703430592,4,0,0,0,0,0.0,0.0,-0.07999999999999996,1.5832455375501797,0.8571428571428571,1.0,0.5764966740576496,0
Sierra Leone,1.6205077624507898,4,1,1,1,2,1.92,-5.34,-0.2999999999999999,0.6167099678194409,0.7142857142857143,1.0,0.42125729099157494,0
Singapore,0.9232307956523204,3,0,1,1,1,0.0,-2.18,-0.8125000000000001,1.0819808263305075,0.7142857142857143,0.5,0.5979760809567617,0
Slovak Republic,1.0518660666749462,7,3,1,2,4,2.3,-3.36,0.39999999999999997,0.9497884219576928,0.75,0.5,0.48780487804878053,0
Viet Nam,1.2537831639570785,11,3,1,2,4,3.48,-2.89,0.14899999999999997,0.7969504442874453,0.5833333333333334,0.5555555555555556,0.4493065051767924,0
Slovenia,1.100694777427219,7,0,2,1,2,0.0,-3.94,-0.026666666666666616,0.9076924212487363,0.75,0.16666666666666666,0.46,0
Somalia,1.0969768439484593,23,3,3,4,6,3.79,-3.58,0.08933333333333335,0.9107660198040949,0.7222222222222222,0.7333333333333333,0.46548392763042334,1
South Africa,0.9222387869555743,14,2,2,3,4,2.77,-2.56,-0.02111111111111113,1.0831434013919081,0.7954545454545454,1.0,0.5324418028727093,0
Zimbabwe,6.669727681617801,6,3,1,2,4,6.69,-24.08,-1.894285714285714,0.14990868278968292,0.5,0.3333333333333333,0.22604764388801943,1
Spain,1.244887252257542,8,2,2,2,4,2.6,-3.99,0.308888888888889,0.8026408474667388,0.625,0.5555555555555556,0.4267953238077566,0
South Sudan,2.142840419208995,15,8,0,7,8,10.66,0.0,3.1166666666666667,0.4664526291415694,0.7209302325581395,0.5833333333333334,0.39495956366372015,1
Sudan,4.51928165223683,25,6,5,7,11,27.02,-7.53,1.0904545454545453,0.22122515297363315,0.4883720930232558,0.38095238095238093,0.2933780385582565,1
Suriname,0.4084221755357902,2,0,0,0,0,0.0,0.0,0.0,2.4424666267559894,1.0,1.0,0.6490264603095357,0
Eswatini,0.8718246693758047,8,3,2,1,5,2.0,-2.83,0.4755555555555555,1.1457054722286253,0.7954545454545454,0.5555555555555556,0.5955678670360111,0
Sweden,0.8740989529749116,4,0,1,0,1,0.0,-1.61,-0.33199999999999996,1.1427279127697336,0.6428571428571429,0.25,0.5250403877221325,0
Switzerland,0.9209134772892952,4,0,2,0,2,0.0,-1.8,-0.43599999999999994,1.0847004893998327,0.6428571428571429,0.75,0.5212510024057738,0
Syrian Arab Republic,0.6295794214663344,5,1,0,0,1,1.59,0.0,1.315,1.5858430610923264,0.8181818181818182,1.0,0.5414185165132648,0
Tajikistan,0.608238087781891,3,0,0,0,0,0.0,0.0,-0.06499999999999995,1.6413944237150235,0.8571428571428571,0.5,0.552956188855806,0
Thailand,0.8260598204667864,11,2,1,1,3,2.74,-1.67,0.35857142857142865,1.2091023832297976,0.7941176470588235,0.8333333333333334,0.5542492442055761,0
Togo,0.6777845457782788,11,0,3,0,3,0.0,-1.69,-0.46399999999999997,1.4732215195816263,0.8863636363636364,1.0,0.5894448252227553,0
Tonga,0.49152615310243003,3,0,0,0,0,0.0,0.0,0.0,2.030349035682642,1.0,1.0,0.6193425440686041,0
Trinidad and Tobago,0.37459910543929276,2,0,0,0,0,0.0,0.0,0.0,2.6624131567896607,1.0,1.0,0.6914893617021277,0
United Arab Emirates,0.7437991966236313,2,1,0,0,1,1.63,0.0,0.7925,1.3426437683247519,0.7142857142857143,0.75,0.6360078277886496,0
Tunisia,0.7730101163632983,6,1,0,1,1,2.1,0.0,-0.25499999999999995,1.2919727776925185,0.76,0.6,0.6281078251766552,0
Turkiye,0.8305923629972695,2,1,0,0,1,1.53,0.0,-0.14399999999999996,1.2025122457783846,0.6428571428571429,0.5,0.6226053639846743,0
Uganda,1.1565938255687473,12,3,2,3,5,2.15,-3.72,-0.07500000000000002,0.8638608619985352,0.6875,0.6,0.47126786257221037,0
Ukraine,0.5324332893541281,6,1,0,0,1,1.68,0.0,0.22999999999999998,1.8746486579620534,0.9411764705882353,1.0,0.653206650831354,0
North Macedonia,0.9497907932910321,2,1,0,1,1,3.32,0.0,3.32,1.051756082469664,0.9285714285714286,1.0,0.5343197698314838,0
"Egypt, Arab Rep.",1.147598813050225,13,5,0,2,5,3.25,0.0,0.9499999999999998,0.8706260085228495,0.5714285714285714,0.4166666666666667,0.46607975142413266,1
United Kingdom,0.9606777050044213,7,2,2,1,4,2.57,-1.61,-0.2183333333333333,1.0398494160737588,0.7272727272727273,0.5,0.5232992773486169,0
Tanzania,0.8743842618495842,10,1,2,0,3,1.8,-1.73,0.1388888888888889,1.1423554701418979,0.7352941176470589,0.4444444444444444,0.5709342560553633,0
United States,0.9033588118002408,6,0,1,0,1,0.0,-1.84,-0.040000000000000036,1.1057557984196265,0.7142857142857143,1.0,0.4777655273796398,0
Burkina Faso,0.7584257769161786,10,1,2,1,3,1.88,-2.5,-0.9785714285714286,1.316784378929996,0.8409090909090909,0.5714285714285714,0.5976372480889507,0
Uruguay,0.6596100754199082,10,1,0,0,1,1.75,0.0,0.41,1.5137522681051496,0.8837209302325582,0.8,0.6084311169056932,0
Uzbekistan,2.6722501601398294,5,1,2,3,3,4.12,-8.54,-2.2874999999999996,0.374076476235091,0.7142857142857143,0.25,0.3140855279052911,1
"Venezuela, RB",1.494096717083603,7,4,1,1,5,4.36,-1.65,1.1857142857142855,0.6688530504907008,0.5,0.5714285714285714,0.47324353840553335,0
Samoa,0.690963273804543,5,0,1,0,1,0.0,-1.82,0.25333333333333335,1.4451634036902186,0.8695652173913043,1.0,0.577124868835257,0
"Yemen, Rep.",3.0856261892186225,19,8,2,6,10,8.18,-12.97,1.1536363636363633,0.3239783306099497,0.6857142857142857,0.6363636363636364,0.304768734313374,1
Zambia,0.674801925670703,7,2,0,1,2,2.18,0.0,1.525,1.4797235136723605,0.8333333333333334,1.0,0.5738522954091817,0
Central African Republic,1.0646150698320873,10,1,2,2,3,2.08,-2.62,-0.9299999999999999,0.9384251671267877,0.7777777777777778,0.75,0.47182903136275334,0
