country,cluster,cluster_type,volatility_std,extreme_positive_count,extreme_negative_count,stability_inverse_volatility,time_in_normal_range,recovery_speed
Trinidad and Tobago,0,Stable Markets,0.37459910543929276,0,0,2.6624131567896607,1.0,1.0
Moldova,0,Stable Markets,0.3801778584842003,0,0,2.623447237928825,1.0,1.0
Kiribati,0,Stable Markets,0.4077439172333737,0,0,2.4465195880310717,0.9285714285714286,1.0
Suriname,0,Stable Markets,0.4084221755357902,0,0,2.4424666267559894,1.0,1.0
Maldives,0,Stable Markets,0.4318895361415595,0,0,2.310058147658689,1.0,1.0
Antigua and Barbuda,0,Stable Markets,0.4382921400162225,0,0,2.2763894659327875,1.0,1.0
Cambodia,0,Stable Markets,0.4454577857540362,0,0,2.239853423792508,1.0,1.0
Philippines,0,Stable Markets,0.44741752250707256,0,0,2.2300645041903504,0.9411764705882353,1.0
Qatar,0,Stable Markets,0.46682219225704497,0,0,2.137564263840117,1.0,1.0
Comoros,0,Stable Markets,0.48060123909578945,0,0,2.0764066178017084,1.0,1.0
Tonga,0,Stable Markets,0.49152615310243003,0,0,2.030349035682642,1.0,1.0
Oman,0,Stable Markets,0.49541623398709816,0,0,2.014438552841505,1.0,1.0
Azerbaijan,0,Stable Markets,0.5305258135933528,1,0,1.8813761710641137,0.9166666666666666,1.0
Ukraine,0,Stable Markets,0.5324332893541281,1,0,1.8746486579620534,0.9411764705882353,1.0
Ethiopia,0,Stable Markets,0.5465852190299787,0,0,1.8261997680862398,0.9210526315789473,1.0
El Salvador,0,Stable Markets,0.5500735225199581,1,0,1.8146398967367974,0.9423076923076923,1.0
Serbia,0,Stable Markets,0.5800914776558777,1,0,1.7208994426041127,0.9285714285714286,1.0
Indonesia,0,Stable Markets,0.5801995987541388,0,1,1.7205793020910594,0.9117647058823529,1.0
"Micronesia, Fed. Sts.",0,Stable Markets,0.585557905953365,0,0,1.704861514695032,0.8571428571428571,1.0
Liberia,0,Stable Markets,0.593983869086269,0,1,1.6807178344779734,0.9285714285714286,1.0
"Korea, Rep.",0,Stable Markets,0.6023943833200602,0,0,1.6572908658806111,0.8333333333333334,1.0
Iceland,0,Stable Markets,0.6055457986690308,0,0,1.648680119777175,0.9285714285714286,1.0
Senegal,0,Stable Markets,0.6061983224456049,1,0,1.6469083708471275,0.8918918918918919,0.75
Tajikistan,0,Stable Markets,0.608238087781891,0,0,1.6413944237150235,0.8571428571428571,0.5
Greenland,0,Stable Markets,0.6289126508895966,0,0,1.587521696203031,0.8571428571428571,1.0
Syrian Arab Republic,0,Stable Markets,0.6295794214663344,1,0,1.5858430610923264,0.8181818181818182,1.0
Seychelles,0,Stable Markets,0.6306139703430592,0,0,1.5832455375501797,0.8571428571428571,1.0
Madagascar,0,Stable Markets,0.6314790703788452,0,0,1.5810799864112743,0.8571428571428571,0.5
Mali,0,Stable Markets,0.6335774640030704,0,1,1.575851738717216,0.9090909090909091,1.0
Malaysia,0,Stable Markets,0.6337980750996329,0,0,1.5753040836537633,0.8571428571428571,0.5
Palau,0,Stable Markets,0.6363243461234119,0,0,1.5690597826406576,0.8571428571428571,1.0
Bolivia,0,Stable Markets,0.6433773795210233,0,2,1.5518856368659575,0.8636363636363636,0.8333333333333334
Mongolia,0,Stable Markets,0.6555274692762909,1,0,1.5231655137024636,0.8529411764705882,1.0
Uruguay,0,Stable Markets,0.6596100754199082,1,0,1.5137522681051496,0.8837209302325582,0.8
Aruba,0,Stable Markets,0.6654199226574057,0,0,1.500555379575712,0.8571428571428571,1.0
Jamaica,0,Stable Markets,0.6707656301661892,0,1,1.488614414156033,0.9285714285714286,1.0
Zambia,0,Stable Markets,0.674801925670703,2,0,1.4797235136723605,0.8333333333333334,1.0
Togo,0,Stable Markets,0.6777845457782788,0,3,1.4732215195816263,0.8863636363636364,1.0
British Virgin Islands,0,Stable Markets,0.6851381508238216,1,0,1.4574324409732,0.8571428571428571,1.0
Nigeria,0,Stable Markets,0.6898026141606275,2,0,1.447591510948563,0.9347826086956522,1.0
Samoa,0,Stable Markets,0.690963273804543,0,1,1.4451634036902186,0.8695652173913043,1.0
"Congo, Rep.",0,Stable Markets,0.6932388492004876,0,0,1.440426448551012,0.7857142857142857,1.0
Estonia,0,Stable Markets,0.6956112420023126,0,1,1.4355209042071133,0.875,0.6666666666666666
Puerto Rico,0,Stable Markets,0.705871873671714,0,0,1.4146835335315955,0.7142857142857143,0.6666666666666666
Guatemala,0,Stable Markets,0.7176369333904784,1,1,1.3915232484393343,0.8529411764705882,0.8
Afghanistan,0,Stable Markets,0.7183584682377516,0,1,1.3901275152147023,0.9166666666666666,0.5
Belarus,0,Stable Markets,0.7247115086938618,1,2,1.3779580288037647,0.875,0.3333333333333333
Libya,0,Stable Markets,0.7284289076288692,0,1,1.3709355216681327,0.7857142857142857,0.6666666666666666
Haiti,0,Stable Markets,0.7338554740044964,2,0,1.36081179956466,0.8163265306122449,0.875
Solomon Islands,0,Stable Markets,0.7339701934669821,1,0,1.3605993942187318,0.7857142857142857,0.5
Canada,0,Stable Markets,0.7401103061747772,0,0,1.3493268028634975,0.7857142857142857,0.6666666666666666
Lao PDR,0,Stable Markets,0.7428631500634705,1,1,1.3443332955997007,0.7916666666666666,1.0
United Arab Emirates,0,Stable Markets,0.7437991966236313,1,0,1.3426437683247519,0.7142857142857143,0.75
Costa Rica,0,Stable Markets,0.7437994399282691,3,0,1.3426433297215006,0.9230769230769231,0.3333333333333333
Bahrain,0,Stable Markets,0.7473422296132243,1,0,1.3362870093765034,0.7857142857142857,1.0
Nepal,0,Stable Markets,0.7567213794348288,1,1,1.3197463172358719,0.8125,0.8333333333333334
Burkina Faso,0,Stable Markets,0.7584257769161786,1,2,1.316784378929996,0.8409090909090909,0.5714285714285714
Australia,0,Stable Markets,0.7632342567077588,1,1,1.3084993131659595,0.7857142857142857,1.0
Panama,0,Stable Markets,0.7664197987777178,1,1,1.303067762380794,0.8529411764705882,1.0
Tunisia,0,Stable Markets,0.7730101163632983,1,0,1.2919727776925185,0.76,0.6
Georgia,0,Stable Markets,0.7734177396465638,2,0,1.291292733630288,0.8333333333333334,0.5
Aland Islands,0,Stable Markets,0.7737771788111741,0,1,1.2906936695456235,0.8571428571428571,1.0
Cayman Islands,0,Stable Markets,0.774217181996085,0,1,1.2899610886140682,0.7857142857142857,1.0
Dominica,0,Stable Markets,0.7782466557222442,1,0,1.2832907175881951,0.6428571428571429,0.75
Montserrat,0,Stable Markets,0.7944517426682198,0,0,1.2571472867048537,0.7142857142857143,0.75
Cyprus,0,Stable Markets,0.7960591712188438,0,1,1.2546119988442312,0.8571428571428571,1.0
Guinea,0,Stable Markets,0.8022948778385147,1,0,1.2448728699612457,0.8461538461538461,0.6666666666666666
Chad,0,Stable Markets,0.8023048868244481,0,1,1.2448573591443084,0.8604651162790697,0.8333333333333334
Bermuda,0,Stable Markets,0.8048044508336374,2,0,1.2409958755693884,0.8571428571428571,1.0
Niger,0,Stable Markets,0.8129082757116827,0,1,1.228639675798355,0.9245283018867925,1.0
San Marino,0,Stable Markets,0.8159234783047854,1,1,1.224104859949821,0.8571428571428571,1.0
Sao Tome and Principe,0,Stable Markets,0.8239752448233093,0,1,1.2121575844547638,0.7857142857142857,0.6666666666666666
Grenada,0,Stable Markets,0.8251026528590863,0,1,1.2105033152224685,0.7857142857142857,0.5
Israel,0,Stable Markets,0.8251056781802493,0,4,1.2104988821803115,0.8409090909090909,0.5714285714285714
Thailand,0,Stable Markets,0.8260598204667864,2,1,1.2091023832297976,0.7941176470588235,0.8333333333333334
Turkiye,0,Stable Markets,0.8305923629972695,1,0,1.2025122457783846,0.6428571428571429,0.5
Bhutan,0,Stable Markets,0.8318298000952663,1,0,1.2007255262547176,0.6428571428571429,1.0
Curacao,0,Stable Markets,0.8318383869723831,1,0,1.2007131463227811,0.8571428571428571,1.0
Vanuatu,0,Stable Markets,0.832772600462835,2,0,1.1993677885851497,0.7142857142857143,1.0
Kyrgyz Republic,0,Stable Markets,0.8351259884991405,1,0,1.1959920080884172,0.7916666666666666,0.75
Gabon,0,Stable Markets,0.8521332773979546,0,1,1.1721497994428103,0.7857142857142857,1.0
Nicaragua,0,Stable Markets,0.8530921813270064,1,2,1.1708338067751611,0.8809523809523809,1.0
Paraguay,0,Stable Markets,0.8562944787717599,2,1,1.1664603292822944,0.75,0.5714285714285714
Bulgaria,0,Stable Markets,0.8582409942240388,1,1,1.1638178424006382,0.875,1.0
St. Vincent and the Grenadines,0,Stable Markets,0.8712602296415819,2,0,1.1464468584230962,0.7857142857142857,0.5
New Zealand,0,Stable Markets,0.8714590158616358,0,1,1.1461856451932078,0.7142857142857143,0.6666666666666666
Eswatini,0,Stable Markets,0.8718246693758047,3,2,1.1457054722286253,0.7954545454545454,0.5555555555555556
Sweden,0,Stable Markets,0.8740989529749116,0,1,1.1427279127697336,0.6428571428571429,0.25
Tanzania,0,Stable Markets,0.8743842618495842,1,2,1.1423554701418979,0.7352941176470589,0.4444444444444444
Kenya,0,Stable Markets,0.885683179177267,0,1,1.1277985457307051,0.7857142857142857,0.6666666666666666
St. Lucia,0,Stable Markets,0.8859311370483807,0,1,1.12748324895651,0.8571428571428571,1.0
Ireland,0,Stable Markets,0.8985123759837247,1,0,1.1117134424152642,0.8571428571428571,1.0
United States,0,Stable Markets,0.9033588118002408,0,1,1.1057557984196265,0.7142857142857143,1.0
Austria,0,Stable Markets,0.9049950122637263,0,2,1.1037588358255883,0.75,0.5
Albania,0,Stable Markets,0.9073410919510133,1,0,1.1009080276794632,0.8571428571428571,0.0
Anguilla,0,Stable Markets,0.9098508511995641,1,1,1.0978745847171676,0.7857142857142857,0.5
Denmark,0,Stable Markets,0.9114890262081926,2,0,1.095903590375717,0.8571428571428571,0.0
Latvia,0,Stable Markets,0.9202350997918353,1,1,1.0854992392560407,0.8333333333333334,0.5
Switzerland,0,Stable Markets,0.9209134772892952,0,2,1.0847004893998327,0.6428571428571429,0.75
South Africa,0,Stable Markets,0.9222387869555743,2,2,1.0831434013919081,0.7954545454545454,1.0
Singapore,0,Stable Markets,0.9232307956523204,0,1,1.0819808263305075,0.7142857142857143,0.5
French Polynesia,0,Stable Markets,0.9246965856486138,0,1,1.080267568772897,0.9285714285714286,1.0
Algeria,0,Stable Markets,0.9264351800623414,0,1,1.0782424707382579,0.6428571428571429,0.6
Romania,0,Stable Markets,0.9293262194849676,0,1,1.0748917735045713,0.75,0.8333333333333334
Peru,0,Stable Markets,0.9297868727791254,3,2,1.0743598016313007,0.7804878048780488,0.5555555555555556
Pakistan,0,Stable Markets,0.9333974942932626,4,0,1.0702083493453247,0.7647058823529411,0.8571428571428571
Ghana,0,Stable Markets,0.9440163735763522,3,2,1.0581827235601917,0.7111111111111111,0.8333333333333334
Czechia,0,Stable Markets,0.9485133653073459,0,1,1.0531710627120159,0.875,0.6666666666666666
Papua New Guinea,0,Stable Markets,0.9488392479062757,3,0,1.052809727755821,0.7142857142857143,0.6666666666666666
Djibouti,0,Stable Markets,0.9491524629499074,1,3,1.052462672038267,0.7647058823529411,0.5
North Macedonia,0,Stable Markets,0.9497907932910321,1,0,1.051756082469664,0.9285714285714286,1.0
Honduras,0,Stable Markets,0.9541298758651077,2,3,1.046978034368626,0.8181818181818182,1.0
West Bank and Gaza,0,Stable Markets,0.9589998484580489,0,4,1.0416668311002333,0.8235294117647058,0.5
United Kingdom,0,Stable Markets,0.9606777050044213,2,2,1.0398494160737588,0.7272727272727273,0.5
Bosnia and Herzegovina,0,Stable Markets,0.9623536199318411,1,0,1.0380404239003655,0.7857142857142857,1.0
Malawi,0,Stable Markets,0.9635220057930088,3,2,1.0367829805788846,0.8181818181818182,0.8333333333333334
Cabo Verde,0,Stable Markets,0.9762507076642127,2,1,1.0232788701582645,0.8409090909090909,0.8571428571428571
Montenegro,0,Stable Markets,0.9766101304710982,1,0,1.0229026570317068,0.7857142857142857,1.0
Lithuania,0,Stable Markets,0.9814059500985761,1,1,1.0179091442795705,0.8333333333333334,0.25
Belize,0,Stable Markets,0.9983284498989052,1,1,1.0006720013836918,0.8571428571428571,1.0
Dominican Republic,0,Stable Markets,1.0036612905553195,1,2,0.9953603362654264,0.7941176470588235,0.5
Fiji,0,Stable Markets,1.0220859522944001,0,1,0.9774349826203489,0.7142857142857143,1.0
Morocco,0,Stable Markets,1.0242468611878004,2,0,0.975374846640788,0.7857142857142857,0.5
Angola,0,Stable Markets,1.0300656309583542,0,4,0.9698703651585406,0.42857142857142855,0.5
Poland,0,Stable Markets,1.0381741451006934,0,3,0.9623026176263292,0.75,1.0
Brazil,0,Stable Markets,1.0408054398968238,3,2,0.9598721236270719,0.7619047619047619,0.6
Slovak Republic,0,Stable Markets,1.0518660666749462,3,1,0.9497884219576928,0.75,0.5
Finland,0,Stable Markets,1.058887978022227,2,2,0.9434959361139477,0.7916666666666666,0.6
Central African Republic,0,Stable Markets,1.0646150698320873,1,2,0.9384251671267877,0.7777777777777778,0.75
Malta,0,Stable Markets,1.0694325305974193,1,1,0.9342018029309049,0.7916666666666666,1.0
Armenia,0,Stable Markets,1.0728116453454861,2,2,0.931262018189663,0.7083333333333334,0.5
Kuwait,0,Stable Markets,1.0815597202981573,3,0,0.9237365673688481,0.6428571428571429,0.6
Cook Islands,0,Stable Markets,1.085847031358563,3,0,0.9200926819940761,0.7857142857142857,0.5
Slovenia,0,Stable Markets,1.100694777427219,0,2,0.9076924212487363,0.75,0.16666666666666666
Cote d'Ivoire,0,Stable Markets,1.1134424067079336,3,1,0.8973097164832441,0.7083333333333334,0.6666666666666666
French Guiana,0,Stable Markets,1.1343066298899274,1,0,0.880819307905349,0.6428571428571429,0.25
Guadeloupe,0,Stable Markets,1.1441664375145313,1,1,0.8732355116609946,0.7142857142857143,0.6666666666666666
Russian Federation,0,Stable Markets,1.1492152053620306,3,2,0.8694025216657172,0.7647058823529411,0.42857142857142855
Uganda,0,Stable Markets,1.1565938255687473,3,2,0.8638608619985352,0.6875,0.6
Guam,0,Stable Markets,1.1570822294522916,1,1,0.863496541582323,0.7142857142857143,0.5
"Gambia, The",0,Stable Markets,1.1615236738430945,2,1,0.8601975361879554,0.6428571428571429,0.25
Germany,0,Stable Markets,1.176495207054505,2,1,0.8492603570773696,0.875,0.6666666666666666
Barbados,0,Stable Markets,1.1927330987685214,3,1,0.8377081954346577,0.5714285714285714,0.8
Mauritius,0,Stable Markets,1.1962729390221438,1,2,0.835231439221149,0.7647058823529411,0.5
Kazakhstan,0,Stable Markets,1.1996397028552641,2,1,0.8328893319302044,0.7916666666666666,0.75
Andorra,0,Stable Markets,1.2002839800035079,4,1,0.8324426335870058,0.5,0.3333333333333333
Mexico,0,Stable Markets,1.2063923240166803,1,1,0.8282312054736775,0.6764705882352942,0.6
Norway,0,Stable Markets,1.2090916222604506,0,2,0.8263837064932328,0.6428571428571429,0.75
France,0,Stable Markets,1.2095623060521612,2,1,0.8260623967891098,0.7083333333333334,0.7142857142857143
Netherlands,0,Stable Markets,1.221473056834013,1,1,0.8180139385565041,0.7857142857142857,1.0
Spain,0,Stable Markets,1.244887252257542,2,2,0.8026408474667388,0.625,0.5555555555555556
Viet Nam,0,Stable Markets,1.2537831639570785,3,1,0.7969504442874453,0.5833333333333334,0.5555555555555556
Mozambique,0,Stable Markets,1.2623341475219627,3,3,0.7915562180928188,0.78125,0.42857142857142855
New Caledonia,0,Stable Markets,1.279526578585268,1,3,0.7809287341031257,0.6428571428571429,0.6
Hungary,0,Stable Markets,1.2828026500163185,1,1,0.7789359213328381,0.75,0.6666666666666666
Sri Lanka,0,Stable Markets,1.2954809663812337,2,1,0.7713186895378975,0.7058823529411765,0.6
Luxembourg,0,Stable Markets,1.3053197669067724,1,2,0.7655093533246418,0.6428571428571429,0.75
Greece,0,Stable Markets,1.3312430881406379,2,2,0.7506137647864722,0.75,0.6666666666666666
St. Kitts and Nevis,0,Stable Markets,1.4816312369982552,1,1,0.6744765488852148,0.7142857142857143,0.5
"Venezuela, RB",0,Stable Markets,1.494096717083603,4,1,0.6688530504907008,0.5,0.5714285714285714
Belgium,0,Stable Markets,1.511363926513845,1,2,0.6612165117592452,0.6428571428571429,0.75
Sierra Leone,0,Stable Markets,1.6205077624507898,1,1,0.6167099678194409,0.7142857142857143,1.0
Equatorial Guinea,0,Stable Markets,1.637718827877262,1,2,0.6102328129685093,0.6428571428571429,0.4
Martinique,0,Stable Markets,1.7197307869523755,1,2,0.5811484327371874,0.6428571428571429,0.5
Timor-Leste,0,Stable Markets,1.7896466131613804,1,2,0.558457482704811,0.6,0.42857142857142855
Japan,0,Stable Markets,1.8994988802559871,1,2,0.5261776317728245,0.78125,1.0
Brunei Darussalam,0,Stable Markets,1.9770418275178454,2,1,0.5055504823448828,0.6428571428571429,0.75
India,0,Stable Markets,2.010614720814397,1,2,0.4971130851513916,0.7,0.6666666666666666
Namibia,1,Volatile Markets,1.0950907653379907,6,6,0.9123332041682151,0.6666666666666666,0.5714285714285714
Somalia,1,Volatile Markets,1.0969768439484593,3,3,0.9107660198040949,0.7222222222222222,0.7333333333333333
Colombia,1,Volatile Markets,1.0974192114319097,4,2,0.9103992260808973,0.5909090909090909,0.4444444444444444
Italy,1,Volatile Markets,1.1314459073547622,2,3,0.8830443851714405,0.7142857142857143,0.5833333333333334
"Egypt, Arab Rep.",1,Volatile Markets,1.147598813050225,5,0,0.8706260085228495,0.5714285714285714,0.4166666666666667
Botswana,1,Volatile Markets,1.2897713161684803,5,3,0.7747305719253164,0.7592592592592593,0.6666666666666666
Mauritania,1,Volatile Markets,1.3024209557668984,4,2,0.7672118478497428,0.6764705882352942,0.9090909090909091
Cameroon,1,Volatile Markets,1.321086831529752,5,3,0.7563799715355506,0.6976744186046512,0.6153846153846154
Argentina,1,Volatile Markets,1.3346016603074875,5,1,0.7487262330669581,0.6764705882352942,0.5
Rwanda,1,Volatile Markets,1.3777608291513261,6,2,0.7252889542963981,0.5625,0.42857142857142855
Burundi,1,Volatile Markets,1.4030816262571992,3,6,0.7122093055698319,0.6206896551724138,0.45454545454545453
Croatia,1,Volatile Markets,1.4667175909129146,4,2,0.681329982137779,0.6521739130434783,0.625
Chile,1,Volatile Markets,1.5122350033031966,6,0,0.66083588987641,0.6666666666666666,0.5384615384615384
Myanmar,1,Volatile Markets,1.5981612155328178,5,1,0.6253278220400151,0.6666666666666666,0.8571428571428571
Saudi Arabia,1,Volatile Markets,1.6630899914193544,3,6,0.6009290393887105,0.696969696969697,0.8
Lesotho,1,Volatile Markets,1.7140559369816497,7,2,0.5830713613690721,0.673469387755102,0.5
China,1,Volatile Markets,1.9664792173998114,7,5,0.5082645809705598,0.5789473684210527,0.4
Portugal,1,Volatile Markets,1.9962878773504082,4,1,0.5006789513620815,0.6363636363636364,0.375
South Sudan,1,Volatile Markets,2.142840419208995,8,0,0.4664526291415694,0.7209302325581395,0.5833333333333334
Benin,1,Volatile Markets,2.411406788362747,5,4,0.41452378795480027,0.7058823529411765,0.5
Uzbekistan,1,Volatile Markets,2.6722501601398294,1,2,0.374076476235091,0.7142857142857143,0.25
"Yemen, Rep.",1,Volatile Markets,3.0856261892186225,8,2,0.3239783306099497,0.6857142857142857,0.6363636363636364
"Iran, Islamic Rep.",1,Volatile Markets,3.25135777948351,3,0,0.3074692477894621,0.6956521739130435,0.7142857142857143
Reunion,1,Volatile Markets,3.8931874696024322,1,2,0.2567929787165826,0.6428571428571429,0.5
"Bahamas, The",1,Volatile Markets,3.9884189491934916,2,1,0.2506630696688704,0.7857142857142857,1.0
Ecuador,1,Volatile Markets,4.089353180822121,3,5,0.24447766630240222,0.7,0.6363636363636364
Bangladesh,1,Volatile Markets,4.2958941127981385,3,2,0.2327262375448204,0.7647058823529411,0.75
Sudan,1,Volatile Markets,4.51928165223683,6,5,0.22122515297363315,0.4883720930232558,0.38095238095238093
Lebanon,1,Volatile Markets,4.537701758037647,2,0,0.22032732118365933,0.8571428571428571,0.5
Jordan,1,Volatile Markets,6.045447874227352,2,4,0.1653863591981739,0.56,0.8
Zimbabwe,1,Volatile Markets,6.669727681617801,3,1,0.14990868278968292,0.5,0.3333333333333333
Guinea-Bissau,1,Volatile Markets,6.75807707747729,4,0,0.1479491931423917,0.7727272727272727,0.25
Iraq,1,Volatile Markets,11.596500040253257,2,4,0.08622547932995418,0.6875,0.5
"Congo, Dem. Rep.",1,Volatile Markets,14.769885799511526,2,3,0.0677007468321954,0.5714285714285714,0.6666666666666666
